Title,Description,Keywords,Specifications,Price,Options,img1,img2,img3,img4,img5,img6,img7,img8,Name,Content
Personalized Circle Photo Keychain,"<div class=""easyslider-text""><div data-region=""main"" data-shogun-variant-id=""6006805ce85e9b00eb8338c2"" data-shogun-platform-type=""shopify"" data-shogun-page-version-id=""6006805ce85e9b00eb8338c0"" data-shogun-page-id=""6006805ce85e9b00eb8338c1"" data-shogun-site-id=""f2c04932-f31d-474a-a53a-4c99688d566b"" data-shogun-id=""6006805ce85e9b00eb8338c1"" class=""shogun-root"">
<strong><span style=""color: #ff5858;""></span></strong>‚Ä¢&nbsp;Custom Circle Pendant&nbsp;‚Äì&nbsp;We just made our best selling custom circle photo pendant even BIGGER <span data-mce-fragment=""1"">to provide a better view of your cherished photo. You can select from two sizes: large or small. Our skilled artisans design and handcraft each keychain individually to guarantee uniqueness and quality. Your pendant will be custom-made to order to ensure that it is tailored to your specifications</span>
</div>
<div data-region=""main"" data-shogun-variant-id=""6006805ce85e9b00eb8338c2"" data-shogun-platform-type=""shopify"" data-shogun-page-version-id=""6006805ce85e9b00eb8338c0"" data-shogun-page-id=""6006805ce85e9b00eb8338c1"" data-shogun-site-id=""f2c04932-f31d-474a-a53a-4c99688d566b"" data-shogun-id=""6006805ce85e9b00eb8338c1"" class=""shogun-root"">
<div class=""shg-c"" id=""s-b0e7f99a-3f96-423b-b7b6-dad9bc0f21e8"">
<span data-mce-fragment=""1"">‚Ä¢&nbsp;Your Picture Inside&nbsp;‚Äì Each keychain has a custom picture inside. Look inside or use your phone's camera to reveal the picture</span><br><br><span>‚Ä¢ Wonderful Gift Choice ‚Äì&nbsp;Our&nbsp;circle keychain makes for a great birthday, anniversary, holiday, or ‚Äújust because‚Äù gift for a special women&nbsp;or man in your life</span>
</div>
<div class=""shg-c"">
<span></span><br>
</div>
<div class=""shg-c"">
<p><img alt=""Circle Keychain Video"" src=""https://cdn.shopify.com/s/files/1/0928/6408/files/ezgif-5-219a6eefce-min.gif?v=1681143868.gif""></p>
<p><strong>HOW TO ORDER</strong></p>
<p><span>‚Ä¢&nbsp;Fill in the options above. If you want to order more than one keychain fill in all info for one keychain then add to cart. Then fill in your second keychain's info and click add to cart and so on. When uploading your picture please make sure it is a high quality image.&nbsp;</span></p>
</div>
</div></div>",No keywords found,{},285,"['Silver', 'Rose Gold', 'Gold', 'Black', 'Large', 'Small']",https://cdn.shopify.com/s/files/1/0928/6408/products/circlekeychainproductdisplay-min_1800x1800.jpg,https://cdn.shopify.com/s/files/1/0928/6408/products/silverbigkeychain-angle2-min_1800x1800.jpg,https://cdn.shopify.com/s/files/1/0928/6408/products/silverkeychain-min_1800x1800.jpg,https://cdn.shopify.com/s/files/1/0928/6408/products/rosegoldbigkeychain-min_1800x1800.jpg,https://cdn.shopify.com/s/files/1/0928/6408/products/rosegoldkeychain-min_1800x1800.jpg,https://cdn.shopify.com/s/files/1/0928/6408/products/goldbigkeychain-min_1800x1800.jpg,https://cdn.shopify.com/s/files/1/0928/6408/products/goldkeychain-min_1800x1800.jpg,https://cdn.shopify.com/s/files/1/0928/6408/products/blackbigkeychain-min_1800x1800.jpg,"['Andy M.', 'Natasha R.', 'Olivia G.', 'Laura C.', 'Christian E.']","['It was a gift for my mom, she was very upset when they had to put their golden down last year. She cried and was so happy. Thank you!', 'Production took awhile but I ordered in advance and had it when I needed it. It was high quality and a good gift. I got the larger size of photo keychain', 'We love it! My husband just lost his grandmother to cancer. And was very close to her. To now see her whenever he wants is amazing! Thank you ü§ç', 'I LOVE LOVE LOVE this product!!! It is so unique and personalized and reasonably priced! It is a great keepsake gift for someone or yourself!', 'Very satisfied! Easy process, and beautiful keychain jewel of my late dog.']"
Personalized Heart Photo Keychain,"<div class=""easyslider-text""><p>‚Ä¢&nbsp;Custom Heart Pendant&nbsp;‚Äì&nbsp;A custom keychain for anything you love in life. Each keychain is made to order&nbsp;and has been designed and handcrafted by skilled artisans.&nbsp;<br></p>
<p><span>‚Ä¢&nbsp;A Picture Inside&nbsp;‚Äì Each keychain has a custom picture inside. Look inside or use your phone's camera to reveal the picture&nbsp;</span><br><br><span>‚Ä¢ Wonderful Gift Choice ‚Äì&nbsp;Our heart&nbsp;keychains makes for a great birthday, anniversary, holiday, or ‚Äújust because‚Äù gift for special women and girls in your life.&nbsp;</span></p>
<p><img alt=""heart pendant gif"" src=""https://i.imgur.com/emZ89eB.gif""></p>
<p><strong>HOW TO ORDER</strong></p>
<p><span>‚Ä¢&nbsp;Fill in the options above. If you want to order more than one&nbsp;keychain fill in all info for one keychain then add to cart. Then fill in your second keychain's info and click add to cart and so on. When uploading your picture please make sure it is a high quality image.&nbsp;</span></p>
<p><strong>Processing Time</strong></p>
<p>‚Ä¢&nbsp;We are facing a very high demand. Orders may take up to<span>&nbsp;<strong>25</strong></span><strong>&nbsp;business days</strong><span>&nbsp;</span>to be shipped out</p>
<p><strong>Necklace&nbsp;Information</strong></p>
<p><span>‚Ä¢&nbsp;Heart Pendant: 18mm x 13mm</span></p></div>",No keywords found,{},271,"['Silver', 'Rose Gold', 'Gold']",https://cdn.shopify.com/s/files/1/0928/6408/products/heartkeychaindisplay-min_1800x1800.jpg,https://cdn.shopify.com/s/files/1/0928/6408/products/heartkeychain-rosegold-min_1800x1800.jpg,https://cdn.shopify.com/s/files/1/0928/6408/products/heartkeychain-gold-min_1800x1800.jpg,None,None,None,None,None,"['Susan P.', 'Isaac E.', 'Ariana C.', 'Lina S.', 'Kayleen J.']","[""My best friend was turning 50 and her mom passed away 26y ago. I wanted to get my friend something special and when I saw this, it was perfect! Her brother sent me a picture of their parent's. When she got it, she called and could hardly talk through her tears. It was beautiful! Perfect! She said ‚ÄúNow I‚Äôll always have them close.‚Äù"", 'I really enjoyed the quality of this product. It‚Äôs very good. I‚Äôm pleased with it And very satisfied with customer service. There were a few problems with delivery however, it‚Äôs not the company‚Äôs fault. And the company was very attentive in addressing the issue. overall I would buy again from this company.', 'My husband‚Äôs mom recently passed away. I sent this lovely website a sentimental picture of them together and they quickly delivered. I gifted it to him on her birthday and He loved it. So glad I found this cool gift.', 'I ordered the key chain with my mother in law picture as a gift for my spouse. The photo in the key chain looks beautiful. The key chain has a great quality and I got it on a timely manner with it being a custom made product. I was aware it was going to take some time to be delivered. I‚Äôm very happy with it.', 'It was amazing minus the super long shipping time. Brought tears to my parents eyes to see their parents in their gifts.']"
Personalized Pet Photo Keychain,"<div class=""easyslider-text""><p>‚Ä¢&nbsp;Custom Paw Pendant&nbsp;‚Äì&nbsp;A custom&nbsp;keychain for any dog or cat lover. Each keychain is made to order&nbsp;and has been designed and handcrafted by skilled artisans.&nbsp;<br></p>
<p><span>‚Ä¢&nbsp;Your&nbsp;Pet Inside&nbsp;‚Äì Each keychain has a picture of your own pet inside. Look inside or use your phone's camera to reveal the picture of your&nbsp;pet</span><br><br><span>‚Ä¢ Wonderful Gift Choice ‚Äì&nbsp;Our keychain makes for a great birthday, anniversary, holiday, or ‚Äújust because‚Äù gift for special women and girls in your life.&nbsp;</span></p>
<p><img src=""https://imgur.com/Yxrcufv.gif"" alt=""paw pendant gif""></p>
<p><strong>HOW TO ORDER</strong></p>
<p><span>‚Ä¢&nbsp;Fill in the options above. If you want to order more than one keychain fill in all info for one necklace then add to cart. Then fill in your second keychain's&nbsp;</span><span>info and click add to cart and so on. When uploading your picture please make sure it is a high quality image.&nbsp;</span></p>
<p><strong>Processing Time</strong></p>
<p>‚Ä¢&nbsp;We are facing a very high demand. Orders may take up to&nbsp;<strong>25 business days</strong>&nbsp;to be shipped out.&nbsp;</p>
<p><strong>Necklace&nbsp;Information</strong></p>
<p><span>‚Ä¢ Paw Pendant: 27.6mm x 19.6mm</span></p>
<p><span></span><span></span><strong>PATENT PENDING</strong></p>
<p><strong><img src=""https://cdn.shopify.com/s/files/1/0928/6408/files/dog_donation3.png?v=1590773758"" alt=""""></strong></p></div>",No keywords found,{},271,"['Silver', 'Rose Gold', 'Gold']",https://cdn.shopify.com/s/files/1/0928/6408/products/pawkeychainmaindisplay_1800x1800.jpg,https://cdn.shopify.com/s/files/1/0928/6408/products/rosegoldkeychain-min_1800x1800.png,https://cdn.shopify.com/s/files/1/0928/6408/products/goldkeychain-min_1800x1800.png,None,None,None,None,None,"['edward r.', 'Erin C.', 'Katie O.', 'Laura C.', 'Katie C.']","['Great once I figured out how to view the dog through the tiny peep hole. Not at all what I expected, but really cool. I hope the birthday recipient will like it. The dog recently passed away. üòä', ""My daughter's cat passed away, I got her a pet picture keychain for her backpack. If you shine a phone light through it it projects the picture nicely. A flashlight didn't work. She can also hold it up to her eye and see. I'm pleased with my purchase."", 'Excellent- the items came promptly and exceeded expectation', 'I purchased this as a gift for my daughter. She loves this key ring. She recently lost Toby her little Yorkie she had him from a puppy for 10 years, so this will be a perfect way to remember and keep him with her always.', 'My friend loved it. It was a nice add on to replacing her necklace from when she lost it in the hospital.']"
