Title,Description,Description Images,Keywords,Price,Options,img1,img2,img3,img4,img5,img6,img7,img8
Clear Plastic Waterproof Cell Phone Protector With Self Adhesive Hang Hole 10x15cm 3.9x5.0 IPhone Cover Pouches,"Protect your cell phone cases from dust, damp, scart
The retail packaging is easy closed and recycling
Used for PC case, silicone case, TPU case, some thin Leather case; but not compatible with some heavy duty case
Material: High quality transparent PP(Propene Polymer)
Measurement: About 15CM (L) (not inlude the top part) x 10CM (W)
Compatible with: Case for iPhone 6 5S 5G 4S 4( not for iPhone 6 Plus), Case for Samsung Galaxy S6 Edge S6 S5 S4 S3 S2(NOT compatible with Galaxy Note Note 2 Note 3 Note 4)
Retail Packaging only, Phone Case not included
Color: Clear
",https://www.dhresource.com/webp/m/0x0/f2/albu/g2/M00/E9/25/rBVaG1V7jGOABV0vAADucZj6Cro170.jpg; https://www.dhresource.com/webp/m/0x0/f2/albu/g3/M01/34/E7/rBVaHFV7jGeABCInAAHce2GBG20046.jpg; https://www.dhresource.com/webp/m/0x0/f2/albu/g2/M01/91/B4/rBVaG1V7jGSAaJsNAAH6sKOH8Xk906.jpg; https://www.dhresource.com/webp/m/0x0/f2/albu/g3/M00/F9/BD/rBVaHFV7jGeADLonAAHKOQMcAac180.jpg; https://www.dhresource.com/webp/m/0x0/f2/albu/g3/M01/4B/39/rBVaHVV7jGeAX0J7AAHeeY4GPFM655.jpg; https://www.dhresource.com/webp/m/0x0/f2/albu/g2/M00/C5/3D/rBVaGlV7jGSAXkRFAAHdq03bVZg365.jpg; https://www.dhresource.com/webp/m/0x0/f2/albu/g2/M00/83/73/rBVaGlV7jGeAdqDuAAFTzke3vxg816.jpg,cell phone boxes & packages,12.07,,https://www.dhresource.com/webp/m/0x0/f2/albu/g3/M00/F9/BD/rBVaHFV7jGeADLonAAHKOQMcAac180.jpg,https://www.dhresource.com/webp/m/0x0/f2/albu/g3/M01/4B/39/rBVaHVV7jGeAX0J7AAHeeY4GPFM655.jpg,https://www.dhresource.com/webp/m/0x0/f2/albu/g2/M00/C5/3D/rBVaGlV7jGSAXkRFAAHdq03bVZg365.jpg,https://www.dhresource.com/webp/m/0x0/f2/albu/g2/M00/E9/25/rBVaG1V7jGOABV0vAADucZj6Cro170.jpg,https://www.dhresource.com/webp/m/0x0/f2/albu/g3/M01/34/E7/rBVaHFV7jGeABCInAAHce2GBG20046.jpg,https://www.dhresource.com/webp/m/0x0/f2/albu/g2/M01/91/B4/rBVaG1V7jGSAaJsNAAH6sKOH8Xk906.jpg,None,None
200 Clear Plastic Cellophane Bags For Cupcakes For Samsung Galaxy S5/S4/PJS3/4S/5 10cm X 15cm 3.9\*5.5\ OPP Poly Phone Cases,"Protect your cell phone cases from dust, damp, scart
The retail packaging is easy closed and recycling
Used for PC case, silicone case, TPU case, some thin Leather case; but not compatible with some heavy duty case
Material: High quality transparent PP(Propene Polymer)
Measurement: About 15CM (L) (not inlude the top part) x 10CM (W)
Compatible with: Case for iPhone 6 5S 5G 4S 4 (not for iPhone 6 Plus), Case for Samsung Galaxy S6 Edge S6 S5 S4 S3 S2(NOT compatible with Galaxy Note Note 2 Note 3 Note 4 etc)
Retail Packaging only, Phone Case not included
Color: Clear















",https://www.dhresource.com/webp/m/0x0/f2/albu/g2/M00/E9/25/rBVaG1V7jGOABV0vAADucZj6Cro170.jpg; https://www.dhresource.com/webp/m/0x0/f2/albu/g3/M01/34/E7/rBVaHFV7jGeABCInAAHce2GBG20046.jpg; https://www.dhresource.com/webp/m/0x0/f2/albu/g2/M01/91/B4/rBVaG1V7jGSAaJsNAAH6sKOH8Xk906.jpg; https://www.dhresource.com/webp/m/0x0/f2/albu/g3/M00/F9/BD/rBVaHFV7jGeADLonAAHKOQMcAac180.jpg; https://www.dhresource.com/webp/m/0x0/f2/albu/g3/M01/4B/39/rBVaHVV7jGeAX0J7AAHeeY4GPFM655.jpg; https://www.dhresource.com/webp/m/0x0/f2/albu/g2/M00/C5/3D/rBVaGlV7jGSAXkRFAAHdq03bVZg365.jpg; https://www.dhresource.com/webp/m/0x0/f2/albu/g2/M00/83/73/rBVaGlV7jGeAdqDuAAFTzke3vxg816.jpg,cell phone boxes & packages,5.63,,https://www.dhresource.com/webp/m/100x100/f2/albu/g3/M01/4B/39/rBVaHVV7jGeAX0J7AAHeeY4GPFM655.jpg,https://www.dhresource.com/webp/m/100x100/f2/albu/g2/M00/C5/3D/rBVaGlV7jGSAXkRFAAHdq03bVZg365.jpg,https://www.dhresource.com/webp/m/100x100/f2/albu/g3/M00/F9/BD/rBVaHFV7jGeADLonAAHKOQMcAac180.jpg,https://www.dhresource.com/webp/m/100x100/f2/albu/g2/M00/E9/25/rBVaG1V7jGOABV0vAADucZj6Cro170.jpg,https://www.dhresource.com/webp/m/100x100/f2/albu/g3/M01/34/E7/rBVaHFV7jGeABCInAAHce2GBG20046.jpg,https://www.dhresource.com/webp/m/100x100/f2/albu/g2/M01/91/B4/rBVaG1V7jGSAaJsNAAH6sKOH8Xk906.jpg,https://www.dhresource.com/webp/m/100x100/f2/albu/g2/M00/83/73/rBVaGlV7jGeAdqDuAAFTzke3vxg816.jpg,None
